genre,bandsintown_artist,bandsintown_event_count,bandsintown_upcoming_count
Country,Country Never Dies,,
Electronic,Electronic,,
Hip-Hop,KPop Demon Hunters Cast,,
Other,Other Lives,,
Pop,Pop Smoke,,
Rock,Michael Jackson,,
